CIP正面百褶裙紺色,CIP正面プリーツ.png,0,0,300,100
CIP正面百褶裙黒,CIP正面プリーツ.png,300,0,300,100
CIP正面百褶裙灰色,CIP正面プリーツ.png,600,0,300,100
CIP正面百褶裙白,CIP正面プリーツ.png,0,100,300,100
CIP正面百褶裙赤,CIP正面プリーツ.png,300,100,300,100
CIP正面格子裙赤,CIP正面プリーツ.png,600,100,300,100
CIP正面格子裙灰色,CIP正面プリーツ.png,0,200,300,100
CIP正面格子裙青,CIP正面プリーツ.png,300,200,300,100
CIP正面格子裙黄色,CIP正面プリーツ.png,600,200,300,100

CIP正面百褶裙紺色縮小,CIP正面プリーツ縮小.png,0,0,300,100
CIP正面百褶裙黒縮小,CIP正面プリーツ縮小.png,300,0,300,100
CIP正面百褶裙灰色縮小,CIP正面プリーツ縮小.png,600,0,300,100
CIP正面百褶裙白縮小,CIP正面プリーツ縮小.png,0,100,300,100
CIP正面百褶裙赤縮小,CIP正面プリーツ縮小.png,300,100,300,100
CIP正面格子裙赤縮小,CIP正面プリーツ縮小.png,600,100,300,100
CIP正面格子裙灰色縮小,CIP正面プリーツ縮小.png,0,200,300,100
CIP正面格子裙青縮小,CIP正面プリーツ縮小.png,300,200,300,100
CIP正面格子裙黄色縮小,CIP正面プリーツ縮小.png,600,200,300,100

CIP正面百褶裙紺色捲り,CIP正面プリーツ捲り.png,0,0,300,100
CIP正面百褶裙黒捲り,CIP正面プリーツ捲り.png,300,0,300,100
CIP正面百褶裙灰色捲り,CIP正面プリーツ捲り.png,600,0,300,100
CIP正面百褶裙白捲り,CIP正面プリーツ捲り.png,0,100,300,100
CIP正面百褶裙赤捲り,CIP正面プリーツ捲り.png,300,100,300,100
CIP正面格子裙赤捲り,CIP正面プリーツ捲り.png,600,100,300,100
CIP正面格子裙灰色捲り,CIP正面プリーツ捲り.png,0,200,300,100
CIP正面格子裙青捲り,CIP正面プリーツ捲り.png,300,200,300,100
CIP正面格子裙黄色捲り,CIP正面プリーツ捲り.png,600,200,300,100

CIP正面百褶裙紺色捲り縮小,CIP正面プリーツ捲り縮小.png,0,0,300,100
CIP正面百褶裙黒捲り縮小,CIP正面プリーツ捲り縮小.png,300,0,300,100
CIP正面百褶裙灰色捲り縮小,CIP正面プリーツ捲り縮小.png,600,0,300,100
CIP正面百褶裙白捲り縮小,CIP正面プリーツ捲り縮小.png,0,100,300,100
CIP正面百褶裙赤捲り縮小,CIP正面プリーツ捲り縮小.png,300,100,300,100
CIP正面格子裙赤捲り縮小,CIP正面プリーツ捲り縮小.png,600,100,300,100
CIP正面格子裙灰色捲り縮小,CIP正面プリーツ捲り縮小.png,0,200,300,100
CIP正面格子裙青捲り縮小,CIP正面プリーツ捲り縮小.png,300,200,300,100
CIP正面格子裙黄色捲り縮小,CIP正面プリーツ捲り縮小.png,600,200,300,100

CIP正面百褶裙紺色捲り前面,CIP正面プリーツ捲り前面.png,0,0,300,100
CIP正面百褶裙黒捲り前面,CIP正面プリーツ捲り前面.png,300,0,300,100
CIP正面百褶裙灰色捲り前面,CIP正面プリーツ捲り前面.png,600,0,300,100
CIP正面百褶裙白捲り前面,CIP正面プリーツ捲り前面.png,0,100,300,100
CIP正面百褶裙赤捲り前面,CIP正面プリーツ捲り前面.png,300,100,300,100
CIP正面格子裙赤捲り前面,CIP正面プリーツ捲り前面.png,600,100,300,100
CIP正面格子裙灰色捲り前面,CIP正面プリーツ捲り前面.png,0,200,300,100
CIP正面格子裙青捲り前面,CIP正面プリーツ捲り前面.png,300,200,300,100
CIP正面格子裙黄色捲り前面,CIP正面プリーツ捲り前面.png,600,200,300,100

CIP正面百褶裙紺色捲り前面縮小,CIP正面プリーツ捲り前面.png,0,0,300,100
CIP正面百褶裙黒捲り前面縮小,CIP正面プリーツ捲り前面.png,300,0,300,100
CIP正面百褶裙灰色捲り前面縮小,CIP正面プリーツ捲り前面.png,600,0,300,100
CIP正面百褶裙白捲り前面縮小,CIP正面プリーツ捲り前面.png,0,100,300,100
CIP正面百褶裙赤捲り前面縮小,CIP正面プリーツ捲り前面.png,300,100,300,100
CIP正面格子裙赤捲り前面縮小,CIP正面プリーツ捲り前面.png,600,100,300,100
CIP正面格子裙灰色捲り前面縮小,CIP正面プリーツ捲り前面.png,0,200,300,100
CIP正面格子裙青捲り前面縮小,CIP正面プリーツ捲り前面.png,300,200,300,100
CIP正面格子裙黄色捲り前面縮小,CIP正面プリーツ捲り前面.png,600,200,300,100

CIP正面百褶裙紺色背面,CIP正面プリーツ背面.png,0,0,300,100
CIP正面百褶裙黒背面,CIP正面プリーツ背面.png,300,0,300,100
CIP正面百褶裙灰色背面,CIP正面プリーツ背面.png,600,0,300,100
CIP正面百褶裙白背面,CIP正面プリーツ背面.png,0,100,300,100
CIP正面百褶裙赤背面,CIP正面プリーツ背面.png,300,100,300,100
CIP正面格子裙赤背面,CIP正面プリーツ背面.png,600,100,300,100
CIP正面格子裙灰色背面,CIP正面プリーツ背面.png,0,200,300,100
CIP正面格子裙青背面,CIP正面プリーツ背面.png,300,200,300,100
CIP正面格子裙黄色背面,CIP正面プリーツ背面.png,600,200,300,100


CIP正面迷你百褶裙紺色,CIP正面ミニプリーツ.png,0,0,300,100
CIP正面迷你百褶裙黒,CIP正面ミニプリーツ.png,300,0,300,100
CIP正面迷你百褶裙灰色,CIP正面ミニプリーツ.png,600,0,300,100
CIP正面迷你百褶裙白,CIP正面ミニプリーツ.png,0,100,300,100
CIP正面迷你百褶裙赤,CIP正面ミニプリーツ.png,300,100,300,100
CIP正面迷你格子裙赤,CIP正面ミニプリーツ.png,600,100,300,100
CIP正面迷你格子裙灰色,CIP正面ミニプリーツ.png,0,200,300,100
CIP正面迷你格子裙青,CIP正面ミニプリーツ.png,300,200,300,100
CIP正面迷你格子裙黄色,CIP正面ミニプリーツ.png,600,200,300,100

CIP正面迷你百褶裙紺色縮小,CIP正面ミニプリーツ.png,0,0,300,100
CIP正面迷你百褶裙黒縮小,CIP正面ミニプリーツ.png,300,0,300,100
CIP正面迷你百褶裙灰色縮小,CIP正面ミニプリーツ.png,600,0,300,100
CIP正面迷你百褶裙白縮小,CIP正面ミニプリーツ.png,0,100,300,100
CIP正面迷你百褶裙赤縮小,CIP正面ミニプリーツ.png,300,100,300,100
CIP正面迷你格子裙赤縮小,CIP正面ミニプリーツ.png,600,100,300,100
CIP正面迷你格子裙灰色縮小,CIP正面ミニプリーツ.png,0,200,300,100
CIP正面迷你格子裙青縮小,CIP正面ミニプリーツ.png,300,200,300,100
CIP正面迷你格子裙黄色縮小,CIP正面ミニプリーツ.png,600,200,300,100

CIP正面迷你百褶裙紺色捲り,CIP正面ミニプリーツ捲り.png,0,0,300,100
CIP正面迷你百褶裙黒捲り,CIP正面ミニプリーツ捲り.png,300,0,300,100
CIP正面迷你百褶裙灰色捲り,CIP正面ミニプリーツ捲り.png,600,0,300,100
CIP正面迷你百褶裙白捲り,CIP正面ミニプリーツ捲り.png,0,100,300,100
CIP正面迷你百褶裙赤捲り,CIP正面ミニプリーツ捲り.png,300,100,300,100
CIP正面迷你格子裙赤捲り,CIP正面ミニプリーツ捲り.png,600,100,300,100
CIP正面迷你格子裙灰色捲り,CIP正面ミニプリーツ捲り.png,0,200,300,100
CIP正面迷你格子裙青捲り,CIP正面ミニプリーツ捲り.png,300,200,300,100
CIP正面迷你格子裙黄色捲り,CIP正面ミニプリーツ捲り.png,600,200,300,100

CIP正面迷你百褶裙紺色捲り縮小,CIP正面ミニプリーツ捲り.png,0,0,300,100
CIP正面迷你百褶裙黒捲り縮小,CIP正面ミニプリーツ捲り.png,300,0,300,100
CIP正面迷你百褶裙灰色捲り縮小,CIP正面ミニプリーツ捲り.png,600,0,300,100
CIP正面迷你百褶裙白捲り縮小,CIP正面ミニプリーツ捲り.png,0,100,300,100
CIP正面迷你百褶裙赤捲り縮小,CIP正面ミニプリーツ捲り.png,300,100,300,100
CIP正面迷你格子裙赤捲り縮小,CIP正面ミニプリーツ捲り.png,600,100,300,100
CIP正面迷你格子裙灰色捲り縮小,CIP正面ミニプリーツ捲り.png,0,200,300,100
CIP正面迷你格子裙青捲り縮小,CIP正面ミニプリーツ捲り.png,300,200,300,100
CIP正面迷你格子裙黄色捲り縮小,CIP正面ミニプリーツ捲り.png,600,200,300,100

CIP正面迷你百褶裙紺色背面,CIP正面ミニプリーツ背面.png,0,0,300,100
CIP正面迷你百褶裙黒背面,CIP正面ミニプリーツ背面.png,300,0,300,100
CIP正面迷你百褶裙灰色背面,CIP正面ミニプリーツ背面.png,600,0,300,100
CIP正面迷你百褶裙白背面,CIP正面ミニプリーツ背面.png,0,100,300,100
CIP正面迷你百褶裙赤背面,CIP正面ミニプリーツ背面.png,300,100,300,100
CIP正面迷你格子裙赤背面,CIP正面ミニプリーツ背面.png,600,100,300,100
CIP正面迷你格子裙灰色背面,CIP正面ミニプリーツ背面.png,0,200,300,100
CIP正面迷你格子裙青背面,CIP正面ミニプリーツ背面.png,300,200,300,100
CIP正面迷你格子裙黄色背面,CIP正面ミニプリーツ背面.png,600,200,300,100


CIP正面Micro百褶裙紺色,CIP正面マイクロプリーツ.png,0,0,300,100
CIP正面Micro百褶裙黒,CIP正面マイクロプリーツ.png,300,0,300,100
CIP正面Micro百褶裙灰色,CIP正面マイクロプリーツ.png,600,0,300,100
CIP正面Micro百褶裙白,CIP正面マイクロプリーツ.png,0,100,300,100
CIP正面Micro百褶裙赤,CIP正面マイクロプリーツ.png,300,100,300,100
CIP正面Micro格子裙赤,CIP正面マイクロプリーツ.png,600,100,300,100
CIP正面Micro格子裙灰色,CIP正面マイクロプリーツ.png,0,200,300,100
CIP正面Micro格子裙青,CIP正面マイクロプリーツ.png,300,200,300,100
CIP正面Micro格子裙黄色,CIP正面マイクロプリーツ.png,600,200,300,100

CIP正面Micro百褶裙紺色縮小,CIP正面マイクロプリーツ.png,0,0,300,100
CIP正面Micro百褶裙黒縮小,CIP正面マイクロプリーツ.png,300,0,300,100
CIP正面Micro百褶裙灰色縮小,CIP正面マイクロプリーツ.png,600,0,300,100
CIP正面Micro百褶裙白縮小,CIP正面マイクロプリーツ.png,0,100,300,100
CIP正面Micro百褶裙赤縮小,CIP正面マイクロプリーツ.png,300,100,300,100
CIP正面Micro格子裙赤縮小,CIP正面マイクロプリーツ.png,600,100,300,100
CIP正面Micro格子裙灰色縮小,CIP正面マイクロプリーツ.png,0,200,300,100
CIP正面Micro格子裙青縮小,CIP正面マイクロプリーツ.png,300,200,300,100
CIP正面Micro格子裙黄色縮小,CIP正面マイクロプリーツ.png,600,200,300,100

CIP正面Micro百褶裙紺色捲り,CIP正面マイクロプリーツ捲り.png,0,0,300,100
CIP正面Micro百褶裙黒捲り,CIP正面マイクロプリーツ捲り.png,300,0,300,100
CIP正面Micro百褶裙灰色捲り,CIP正面マイクロプリーツ捲り.png,600,0,300,100
CIP正面Micro百褶裙白捲り,CIP正面マイクロプリーツ捲り.png,0,100,300,100
CIP正面Micro百褶裙赤捲り,CIP正面マイクロプリーツ捲り.png,300,100,300,100
CIP正面Micro格子裙赤捲り,CIP正面マイクロプリーツ捲り.png,600,100,300,100
CIP正面Micro格子裙灰色捲り,CIP正面マイクロプリーツ捲り.png,0,200,300,100
CIP正面Micro格子裙青捲り,CIP正面マイクロプリーツ捲り.png,300,200,300,100
CIP正面Micro格子裙黄色捲り,CIP正面マイクロプリーツ捲り.png,600,200,300,100

CIP正面Micro百褶裙紺色捲り縮小,CIP正面マイクロプリーツ捲り.png,0,0,300,100
CIP正面Micro百褶裙黒捲り縮小,CIP正面マイクロプリーツ捲り.png,300,0,300,100
CIP正面Micro百褶裙灰色捲り縮小,CIP正面マイクロプリーツ捲り.png,600,0,300,100
CIP正面Micro百褶裙白捲り縮小,CIP正面マイクロプリーツ捲り.png,0,100,300,100
CIP正面Micro百褶裙赤捲り縮小,CIP正面マイクロプリーツ捲り.png,300,100,300,100
CIP正面Micro格子裙赤捲り縮小,CIP正面マイクロプリーツ捲り.png,600,100,300,100
CIP正面Micro格子裙灰色捲り縮小,CIP正面マイクロプリーツ捲り.png,0,200,300,100
CIP正面Micro格子裙青捲り縮小,CIP正面マイクロプリーツ捲り.png,300,200,300,100
CIP正面Micro格子裙黄色捲り縮小,CIP正面マイクロプリーツ捲り.png,600,200,300,100

