CIP正面吊帯背心白,CIP正面タンクトップ＆キャミソール.png,0,0,300,100
CIP正面吊帯背心黒,CIP正面タンクトップ＆キャミソール.png,300,0,300,100
CIP正面吊帯背心青,CIP正面タンクトップ＆キャミソール.png,600,0,300,100
CIP正面吊帯背心緑色,CIP正面タンクトップ＆キャミソール.png,900,200,300,100

CIP正面吊帯背心白捲り,CIP正面タンクトップ＆キャミソール捲り.png,0,0,300,100
CIP正面吊帯背心黒捲り,CIP正面タンクトップ＆キャミソール捲り.png,300,0,300,100
CIP正面吊帯背心青捲り,CIP正面タンクトップ＆キャミソール捲り.png,600,0,300,100
CIP正面吊帯背心緑色捲り,CIP正面タンクトップ＆キャミソール捲り.png,900,200,300,100


CIP正面吊帯衫白,CIP正面タンクトップ＆キャミソール.png,0,0,300,100
CIP正面吊帯衫純白,CIP正面タンクトップ＆キャミソール.png,0,0,300,100
CIP正面吊帯衫黒,CIP正面タンクトップ＆キャミソール.png,300,0,300,100
CIP正面吊帯衫灰色,CIP正面タンクトップ＆キャミソール.png,600,0,300,100
CIP正面吊帯衫真紅,CIP正面タンクトップ＆キャミソール.png,900,0,300,100
CIP正面吊帯衫赤,CIP正面タンクトップ＆キャミソール.png,900,0,300,100
CIP正面吊帯衫桃色,CIP正面タンクトップ＆キャミソール.png,1200,0,300,100
CIP正面吊帯衫紫,CIP正面タンクトップ＆キャミソール.png,0,100,300,100
CIP正面吊帯衫青,CIP正面タンクトップ＆キャミソール.png,300,100,300,100
CIP正面吊帯衫水色,CIP正面タンクトップ＆キャミソール.png,600,100,300,100
CIP正面吊帯衫薄緑,CIP正面タンクトップ＆キャミソール.png,900,100,300,100
CIP正面吊帯衫緑色,CIP正面タンクトップ＆キャミソール.png,1200,100,300,100
CIP正面吊帯衫黄色,CIP正面タンクトップ＆キャミソール.png,0,200,300,100
CIP正面吊帯衫橙色,CIP正面タンクトップ＆キャミソール.png,300,200,300,100
CIP正面吊帯衫米色,CIP正面タンクトップ＆キャミソール.png,600,200,300,100

CIP正面吊帯衫白捲り,CIP正面タンクトップ＆キャミソール捲り.png,0,0,300,100
CIP正面吊帯衫純白捲り,CIP正面タンクトップ＆キャミソール捲り.png,0,0,300,100
CIP正面吊帯衫黒捲り,CIP正面タンクトップ＆キャミソール捲り.png,300,0,300,100
CIP正面吊帯衫灰色捲り,CIP正面タンクトップ＆キャミソール捲り.png,600,0,300,100
CIP正面吊帯衫真紅捲り,CIP正面タンクトップ＆キャミソール捲り.png,900,0,300,100
CIP正面吊帯衫赤捲り,CIP正面タンクトップ＆キャミソール捲り.png,900,0,300,100
CIP正面吊帯衫桃色捲り,CIP正面タンクトップ＆キャミソール捲り.png,1200,0,300,100
CIP正面吊帯衫紫捲り,CIP正面タンクトップ＆キャミソール捲り.png,0,100,300,100
CIP正面吊帯衫青捲り,CIP正面タンクトップ＆キャミソール捲り.png,300,100,300,100
CIP正面吊帯衫水色捲り,CIP正面タンクトップ＆キャミソール捲り.png,600,100,300,100
CIP正面吊帯衫薄緑捲り,CIP正面タンクトップ＆キャミソール捲り.png,900,100,300,100
CIP正面吊帯衫緑色捲り,CIP正面タンクトップ＆キャミソール捲り.png,1200,100,300,100
CIP正面吊帯衫黄色捲り,CIP正面タンクトップ＆キャミソール捲り.png,0,200,300,100
CIP正面吊帯衫橙色捲り,CIP正面タンクトップ＆キャミソール捲り.png,300,200,300,100
CIP正面吊帯衫米色捲り,CIP正面タンクトップ＆キャミソール捲り.png,600,200,300,100
