CIP贴身普通,CIPすじボディ.png,0,0,300,100
CIP贴身褐色肌,CIPすじボディ.png,300,0,300,100
CIP贴身色白,CIPすじボディ.png,600,0,300,100
CIP贴身青肌,CIPすじボディ.png,0,100,300,100
CIP贴身色黒,CIPすじボディ.png,300,100,300,100

CIP贴身晒痕,CIPすじ日焼け.png,0,0,300,100
CIP贴身晒痕死库水,CIPすじ日焼け.png,300,0,300,100
CIP贴身晒痕新死库水,CIPすじ日焼け.png,600,0,300,100
CIP贴身晒痕競泳泳装,CIPすじ日焼け.png,0,100,300,100
CIP贴身晒痕高開衩競泳泳装,CIPすじ日焼け.png,300,100,300,100
CIP贴身晒痕海胖次,CIPすじ日焼け.png,600,100,300,100
CIP贴身晒痕衝浪胖次,CIPすじ日焼け.png,600,100,300,100
CIP贴身晒痕男式比基尼,CIPすじ日焼け.png,0,200,300,100
CIP贴身晒痕比基尼,CIPすじ日焼け.png,0,200,300,100
CIP贴身晒痕丁字褲,CIPすじ日焼け.png,300,200,300,100
CIP贴身晒痕Micro,CIPすじ日焼け.png,600,200,300,100
CIP贴身晒痕Micro比基尼,CIPすじ日焼け.png,600,200,300,100
CIP贴身晒痕淚珠泳衣,CIPすじ日焼け.png,0,300,300,100

CIP贴身創口貼,CIP絆創膏.png,0,0,300,100

CIP贴身前貼白,CIP前貼り白.png,0,0,300,100
CIP贴身前貼黒,CIP前貼り黒.png,0,0,300,100
CIP贴身前貼青,CIP前貼り青.png,0,0,300,100
CIP贴身前貼桃色,CIP前貼り桃.png,0,0,300,100

CIP贴身Ｃ胖次黒,CIP前貼り黒.png,0,0,300,100
CIP贴身Ｃ胖次青,CIP前貼り青.png,0,0,300,100
CIP贴身Ｃ胖次桃色,CIP前貼り桃.png,0,0,300,100

CIP贴身開放型開洞胖次白,CIPオープンクロッチ白.png,0,0,300,100
CIP贴身開放型開洞胖次黒,CIPオープンクロッチ黒.png,0,0,300,100
CIP贴身開放型開洞胖次赤,CIPオープンクロッチ赤.png,0,0,300,100
CIP贴身開放型開洞胖次紫,CIPオープンクロッチ紫.png,0,0,300,100

CIP紧身逆兔女郎裤襪,CIPすじ逆バニータイツ.png,0,0,300,100

CIP贴身恥丘穿環,CIPすじ恥丘ピアス.png,0,0,300,100
CIP贴身恥丘穿環銀色,CIPすじ恥丘ピアス.png,0,0,300,100
CIP贴身恥丘穿環金色,CIPすじ恥丘ピアス.png,300,0,300,100
CIP贴身恥丘穿環赤,CIPすじ恥丘ピアス.png,600,0,300,100
CIP贴身恥丘穿環緑,CIPすじ恥丘ピアス.png,0,100,300,100
CIP贴身恥丘穿環紫,CIPすじ恥丘ピアス.png,300,100,300,100
CIP贴身恥丘穿環青,CIPすじ恥丘ピアス.png,600,100,300,100

;外見年齢１
CIP贴身陰毛剃过留痕１,CIPすじ陰毛１.png,0,0,300,100
CIP贴身陰毛还没長出来１,CIPすじ陰毛１.png,300,0,300,100

;外見年齢２
CIP贴身陰毛剃过留痕２,CIPすじ陰毛２.png,0,0,300,100
CIP贴身陰毛还没長出来２,CIPすじ陰毛２.png,300,0,300,100
;指定无保养完毕は小三角
CIP贴身陰毛保养完毕２,CIPすじ陰毛２.png,0,100,300,100
CIP贴身陰毛小三角形２,CIPすじ陰毛２.png,0,100,300,100
CIP贴身陰毛心型２,CIPすじ陰毛２.png,300,100,300,100
CIP贴身陰毛長方形２,CIPすじ陰毛２.png,600,100,300,100
CIP贴身陰毛自然２,CIPすじ陰毛２.png,0,200,300,100
CIP贴身陰毛随意生長２,CIPすじ陰毛２.png,300,200,300,100

;外見年齢３～
CIP贴身陰毛剃过留痕,CIPすじ陰毛.png,0,0,300,100
CIP贴身陰毛还没長出来,CIPすじ陰毛.png,300,0,300,100
CIP贴身陰毛無髭,CIPすじ陰毛.png,600,0,300,100
CIP贴身陰毛保养完毕,CIPすじ陰毛.png,0,100,300,100
CIP贴身陰毛小三角形,CIPすじ陰毛.png,300,100,300,100
CIP贴身陰毛逆三角形,CIPすじ陰毛.png,600,100,300,100
CIP贴身陰毛卵型,CIPすじ陰毛.png,0,200,300,100
CIP贴身陰毛四角形,CIPすじ陰毛.png,300,200,300,100
CIP贴身陰毛長方形,CIPすじ陰毛.png,600,200,300,100
CIP贴身陰毛心型,CIPすじ陰毛.png,0,300,300,100
CIP贴身陰毛自然,CIPすじ陰毛.png,300,300,300,100
CIP贴身陰毛随意生長,CIPすじ陰毛.png,600,300,300,100


CIP贴身跳蛋,CIPすじローター.png,0,0,300,100
