13制服黒,13スーツ.png,0,0,300,300

13运动衫黒,13ジャージ.png,0,0,300,300
13运动衫青,13ジャージ.png,300,0,300,300
13运动衫赤,13ジャージ.png,600,0,300,300
13运动衫緑色,13ジャージ.png,900,0,300,300

;叫出来画像はＴ恤白。あとで前開运动衫を重ねる
13前開运动衫,13Ｔシャツ.png,300,0,300,300
13前開运动衫黒,13ジャージ.png,0,300,300,300
13前開运动衫青,13ジャージ.png,300,300,300,300
13前開运动衫赤,13ジャージ.png,600,300,300,300
13前開运动衫緑色,13ジャージ.png,900,300,300,300

13水手灰色,13セーラー服.png,0,0,300,300
13水手黒,13セーラー服.png,300,0,300,300
13水手紺色,13セーラー服.png,600,0,300,300
13水手青,13セーラー服.png,900,0,300,300
13水手赤,13セーラー服.png,1200,0,300,300
13水手白,13セーラー服.png,1500,0,300,300
13无袖水手灰色,13セーラー服.png,0,300,300,300
13无袖水手黒,13セーラー服.png,300,300,300,300
13无袖水手紺色,13セーラー服.png,600,300,300,300
13无袖水手青,13セーラー服.png,900,300,300,300
13无袖水手赤,13セーラー服.png,1200,300,300,300
13无袖水手白,13セーラー服.png,1500,300,300,300

13水手灰色＆粗呢外套白,13セーラー服＆ダッフルコート.png,0,0,300,300
13水手灰色＆粗呢外套青,13セーラー服＆ダッフルコート.png,0,300,300,300
13水手灰色＆粗呢外套黒,13セーラー服＆ダッフルコート.png,0,600,300,300
13水手灰色＆粗呢外套茶色,13セーラー服＆ダッフルコート.png,0,900,300,300
13水手灰色＆粗呢外套焦茶色,13セーラー服＆ダッフルコート.png,0,1200,300,300
13水手黒＆粗呢外套白,13セーラー服＆ダッフルコート.png,300,0,300,300
13水手黒＆粗呢外套青,13セーラー服＆ダッフルコート.png,300,300,300,300
13水手黒＆粗呢外套黒,13セーラー服＆ダッフルコート.png,300,600,300,300
13水手黒＆粗呢外套焦茶色,13セーラー服＆ダッフルコート.png,300,1200,300,300
13水手黒＆粗呢外套茶色,13セーラー服＆ダッフルコート.png,300,900,300,300
13水手紺色＆粗呢外套白,13セーラー服＆ダッフルコート.png,600,0,300,300
13水手紺色＆粗呢外套青,13セーラー服＆ダッフルコート.png,600,300,300,300
13水手紺色＆粗呢外套黒,13セーラー服＆ダッフルコート.png,600,600,300,300
13水手紺色＆粗呢外套茶色,13セーラー服＆ダッフルコート.png,600,900,300,300
13水手紺色＆粗呢外套焦茶色,13セーラー服＆ダッフルコート.png,600,1200,300,300
13水手青＆粗呢外套白,13セーラー服＆ダッフルコート.png,600,0,300,300
13水手青＆粗呢外套青,13セーラー服＆ダッフルコート.png,600,300,300,300
13水手青＆粗呢外套黒,13セーラー服＆ダッフルコート.png,600,600,300,300
13水手青＆粗呢外套茶色,13セーラー服＆ダッフルコート.png,600,900,300,300
13水手青＆粗呢外套焦茶色,13セーラー服＆ダッフルコート.png,600,1200,300,300
13水手赤＆粗呢外套白,13セーラー服＆ダッフルコート.png,900,0,300,300
13水手赤＆粗呢外套青,13セーラー服＆ダッフルコート.png,900,300,300,300
13水手赤＆粗呢外套黒,13セーラー服＆ダッフルコート.png,900,600,300,300
13水手赤＆粗呢外套茶色,13セーラー服＆ダッフルコート.png,900,900,300,300
13水手赤＆粗呢外套焦茶色,13セーラー服＆ダッフルコート.png,900,1200,300,300
13水手白＆粗呢外套白,13セーラー服＆ダッフルコート.png,1200,0,300,300
13水手白＆粗呢外套青,13セーラー服＆ダッフルコート.png,1200,300,300,300
13水手白＆粗呢外套黒,13セーラー服＆ダッフルコート.png,1200,600,300,300
13水手白＆粗呢外套茶色,13セーラー服＆ダッフルコート.png,1200,900,300,300
13水手白＆粗呢外套焦茶色,13セーラー服＆ダッフルコート.png,1200,1200,300,300

13西装外衣灰色,13ブレザー.png,0,0,300,300
13西装外衣青,13ブレザー.png,300,0,300,300
13西装外衣赤,13ブレザー.png,600,0,300,300
13西装外衣茶色,13ブレザー.png,900,0,300,300
13西装外衣緑色,13ブレザー.png,1200,0,300,300
13西装外衣黒,13ブレザー.png,1500,0,300,300
13領帶西装灰色,13ブレザー.png,0,300,300,300
13領帶西装青,13ブレザー.png,300,300,300,300
13領帶西装赤,13ブレザー.png,600,300,300,300
13領帶西装茶色,13ブレザー.png,900,300,300,300
13領帶西装緑色,13ブレザー.png,1200,300,300,300
13領帶西装黒,13ブレザー.png,1500,300,300,300

13校服Ａ,13学ラン.png,0,0,300,300
13校服Ｂ,13学ラン.png,300,0,300,300

13詰襟运动衫黄色,13詰襟ジャージ.png,0,0,300,300
13詰襟运动衫青,13詰襟ジャージ.png,300,0,300,300
13詰襟运动衫赤,13詰襟ジャージ.png,600,0,300,300
13詰襟运动衫白,13詰襟ジャージ.png,900,0,300,300
13詰襟运动衫緑色,13詰襟ジャージ.png,1200,0,300,300
13詰襟运动衫橙色,13詰襟ジャージ.png,0,300,300,300
