CIP正面內褲白,CIP正面ショーツ.png,0,0,300,100
CIP正面內褲黒,CIP正面ショーツ.png,300,0,300,100
CIP正面內褲赤,CIP正面ショーツ.png,600,0,300,100
CIP正面內褲桃色,CIP正面ショーツ.png,0,100,300,100
CIP正面內褲紫,CIP正面ショーツ.png,300,100,300,100
CIP正面內褲水色,CIP正面ショーツ.png,600,100,300,100
CIP正面內褲緑色,CIP正面ショーツ.png,0,200,300,100
CIP正面內褲黄色,CIP正面ショーツ.png,300,200,300,100

CIP正面三角胖次白,CIP正面パンティ.png,0,0,300,100
CIP正面三角胖次黒,CIP正面パンティ.png,300,0,300,100
CIP正面三角胖次赤,CIP正面パンティ.png,600,0,300,100
CIP正面三角胖次桃色,CIP正面パンティ.png,0,100,300,100
CIP正面三角胖次紫,CIP正面パンティ.png,300,100,300,100
CIP正面三角胖次水色,CIP正面パンティ.png,600,100,300,100
CIP正面三角胖次緑色,CIP正面パンティ.png,0,200,300,100
CIP正面三角胖次黄色,CIP正面パンティ.png,300,200,300,100

CIP正面縞胖次黒白,CIP正面縞パン.png,0,0,300,100
CIP正面縞胖次紅白,CIP正面縞パン.png,300,0,300,100
CIP正面縞胖次黄白,CIP正面縞パン.png,600,0,300,100
CIP正面縞胖次青白,CIP正面縞パン.png,0,100,300,100
CIP正面縞胖次緑白,CIP正面縞パン.png,300,100,300,100

CIP正面儿童胖次白,CIP正面子供パンツ.png,0,0,300,100
CIP正面儿童胖次蝴蝶结紋,CIP正面子供パンツ.png,300,0,300,100
CIP正面儿童胖次草莓紋,CIP正面子供パンツ.png,600,0,300,100
CIP正面儿童胖次小鸡紋,CIP正面子供パンツ.png,0,100,300,100
CIP正面儿童胖次小熊紋,CIP正面子供パンツ.png,300,100,300,100
CIP正面儿童胖次水玉模様,CIP正面子供パンツ.png,600,100,300,100
CIP正面儿童胖次鱼紋,CIP正面子供パンツ.png,0,200,300,100
CIP正面儿童胖次緑色,CIP正面子供パンツ.png,300,200,300,100
CIP正面儿童胖次猫紋,CIP正面子供パンツ.png,600,200,300,100


CIP正面蕾丝白,CIP正面レース.png,0,0,300,100
CIP正面蕾丝黒,CIP正面レース.png,300,0,300,100
CIP正面蕾丝赤,CIP正面レース.png,600,0,300,100
CIP正面蕾丝桃色,CIP正面レース.png,0,100,300,100
CIP正面蕾丝紫,CIP正面レース.png,300,100,300,100
CIP正面蕾丝水色,CIP正面レース.png,600,100,300,100
CIP正面蕾丝緑色,CIP正面レース.png,0,200,300,100

CIP正面総蕾丝白,CIP正面総レース.png,0,0,300,100
CIP正面総蕾丝黒,CIP正面総レース.png,300,0,300,100
CIP正面総蕾丝赤,CIP正面総レース.png,600,0,300,100
CIP正面総蕾丝桃色,CIP正面総レース.png,0,100,300,100
CIP正面総蕾丝紫,CIP正面総レース.png,300,100,300,100
CIP正面総蕾丝水色,CIP正面総レース.png,600,100,300,100
CIP正面総蕾丝緑色,CIP正面総レース.png,0,200,300,100

CIP正面透明白,CIP正面シースルー.png,0,0,300,100
CIP正面透明黒,CIP正面シースルー.png,300,0,300,100
CIP正面透明赤,CIP正面シースルー.png,600,0,300,100
CIP正面透明桃色,CIP正面シースルー.png,0,100,300,100
CIP正面透明紫,CIP正面シースルー.png,300,100,300,100
CIP正面透明水色,CIP正面シースルー.png,600,100,300,100
CIP正面透明緑色,CIP正面シースルー.png,0,200,300,100
CIP正面透明黄色,CIP正面シースルー.png,300,200,300,100
CIP正面透明豹纹,CIP正面シースルー.png,300,200,300,100

CIP正面高開衩白,CIP正面ハイレグ.png,0,0,300,100
CIP正面高開衩黒,CIP正面ハイレグ.png,300,0,300,100
CIP正面高開衩赤,CIP正面ハイレグ.png,600,0,300,100
CIP正面高開衩桃色,CIP正面ハイレグ.png,0,100,300,100
CIP正面高開衩紫,CIP正面ハイレグ.png,300,100,300,100
CIP正面高開衩水色,CIP正面ハイレグ.png,600,100,300,100
CIP正面高開衩緑色,CIP正面ハイレグ.png,0,200,300,100
CIP正面高開衩黄色,CIP正面ハイレグ.png,300,200,300,100

CIP正面褶边白,CIP正面フリル.png,0,0,300,100
CIP正面褶边黒,CIP正面フリル.png,300,0,300,100
CIP正面褶边赤,CIP正面フリル.png,600,0,300,100
CIP正面褶边桃色,CIP正面フリル.png,0,100,300,100
CIP正面褶边紫,CIP正面フリル.png,300,100,300,100
CIP正面褶边水色,CIP正面フリル.png,600,100,300,100
CIP正面褶边緑色,CIP正面フリル.png,0,200,300,100
CIP正面褶边黄色,CIP正面フリル.png,300,200,300,100

CIP正面褶边高開衩白,CIP正面フリルハイレグ.png,0,0,300,100
CIP正面褶边高開衩黒,CIP正面フリルハイレグ.png,300,0,300,100
CIP正面褶边高開衩赤,CIP正面フリルハイレグ.png,600,0,300,100
CIP正面褶边高開衩桃色,CIP正面フリルハイレグ.png,0,100,300,100
CIP正面褶边高開衩紫,CIP正面フリルハイレグ.png,300,100,300,100
CIP正面褶边高開衩水色,CIP正面フリルハイレグ.png,600,100,300,100
CIP正面褶边高開衩緑色,CIP正面フリルハイレグ.png,0,200,300,100
CIP正面褶边高開衩黄色,CIP正面フリルハイレグ.png,300,200,300,100

CIP正面Micro內褲白,CIP正面マイクロ.png,0,0,300,100
CIP正面Micro內褲黒,CIP正面マイクロ.png,300,0,300,100
CIP正面Micro內褲豹纹,CIP正面マイクロ.png,300,0,300,100
CIP正面Micro內褲赤,CIP正面マイクロ.png,600,0,300,100
CIP正面Micro內褲紫,CIP正面マイクロ.png,0,100,300,100
CIP正面Micro內褲青,CIP正面マイクロ.png,300,100,300,100

CIP正面低腰內褲白,CIP正面ローライズショーツ.png,0,0,300,100
CIP正面低腰內褲黒,CIP正面ローライズショーツ.png,300,0,300,100
CIP正面低腰內褲赤,CIP正面ローライズショーツ.png,600,0,300,100
CIP正面低腰內褲桃色,CIP正面ローライズショーツ.png,0,100,300,100
CIP正面低腰內褲紫,CIP正面ローライズショーツ.png,300,100,300,100
CIP正面低腰內褲水色,CIP正面ローライズショーツ.png,600,100,300,100
CIP正面低腰內褲緑色,CIP正面ローライズショーツ.png,0,200,300,100
CIP正面低腰內褲黄色,CIP正面ローライズショーツ.png,300,200,300,100

CIP正面低腰胖次白,CIP正面ローライズパンツ.png,0,0,300,100
CIP正面低腰胖次黒,CIP正面ローライズパンツ.png,300,0,300,100
CIP正面低腰胖次赤,CIP正面ローライズパンツ.png,600,0,300,100
CIP正面低腰胖次桃色,CIP正面ローライズパンツ.png,0,100,300,100
CIP正面低腰胖次紫,CIP正面ローライズパンツ.png,300,100,300,100
CIP正面低腰胖次水色,CIP正面ローライズパンツ.png,600,100,300,100
CIP正面低腰胖次緑色,CIP正面ローライズパンツ.png,0,200,300,100
CIP正面低腰胖次黄色,CIP正面ローライズパンツ.png,300,200,300,100

CIP正面超低腰純白,CIP正面ローレグ.png,0,0,300,100
CIP正面超低腰白,CIP正面ローレグ.png,0,0,300,100
CIP正面超低腰黒,CIP正面ローレグ.png,300,0,300,100
CIP正面超低腰真紅,CIP正面ローレグ.png,600,0,300,100
CIP正面超低腰赤,CIP正面ローレグ.png,600,0,300,100
CIP正面超低腰桃色,CIP正面ローレグ.png,0,100,300,100
CIP正面超低腰紫,CIP正面ローレグ.png,300,100,300,100
CIP正面超低腰水色,CIP正面ローレグ.png,600,100,300,100
CIP正面超低腰薄緑,CIP正面ローレグ.png,0,200,300,100
CIP正面超低腰緑色,CIP正面ローレグ.png,0,200,300,100
CIP正面超低腰黄色,CIP正面ローレグ.png,300,200,300,100

CIP正面四角内褲白,CIP正面ボーイレッグ.png,0,0,300,100
CIP正面四角内褲黒,CIP正面ボーイレッグ.png,300,0,300,100
CIP正面四角内褲赤,CIP正面ボーイレッグ.png,600,0,300,100
CIP正面四角内褲桃色,CIP正面ボーイレッグ.png,0,100,300,100
CIP正面四角内褲紫,CIP正面ボーイレッグ.png,300,100,300,100
CIP正面四角内褲水色,CIP正面ボーイレッグ.png,600,100,300,100
CIP正面四角内褲緑色,CIP正面ボーイレッグ.png,0,200,300,100
CIP正面四角内褲黄色,CIP正面ボーイレッグ.png,300,200,300,100

CIP正面四角内褲贴阴内裤白,CIP正面ボーイレッグもっこり.png,0,0,300,100
CIP正面四角内褲贴阴内裤黒,CIP正面ボーイレッグもっこり.png,300,0,300,100
CIP正面四角内褲贴阴内裤赤,CIP正面ボーイレッグもっこり.png,600,0,300,100
CIP正面四角内褲贴阴内裤桃色,CIP正面ボーイレッグもっこり.png,0,100,300,100
CIP正面四角内褲贴阴内裤紫,CIP正面ボーイレッグもっこり.png,300,100,300,100
CIP正面四角内褲贴阴内裤水色,CIP正面ボーイレッグもっこり.png,600,100,300,100
CIP正面四角内褲贴阴内裤緑色,CIP正面ボーイレッグもっこり.png,0,200,300,100
CIP正面四角内褲贴阴内裤黄色,CIP正面ボーイレッグもっこり.png,300,200,300,100

CIP正面胖次下拉半遮純白,CIP正面パンツ下ろしかけ.png,0,0,300,100
CIP正面胖次下拉半遮白,CIP正面パンツ下ろしかけ.png,0,0,300,100
CIP正面胖次下拉半遮黒,CIP正面パンツ下ろしかけ.png,300,0,300,100
CIP正面胖次下拉半遮真紅,CIP正面パンツ下ろしかけ.png,600,0,300,100
CIP正面胖次下拉半遮赤,CIP正面パンツ下ろしかけ.png,600,0,300,100
CIP正面胖次下拉半遮桃色,CIP正面パンツ下ろしかけ.png,0,100,300,100
CIP正面胖次下拉半遮紫,CIP正面パンツ下ろしかけ.png,300,100,300,100
CIP正面胖次下拉半遮水色,CIP正面パンツ下ろしかけ.png,600,100,300,100
CIP正面胖次下拉半遮薄緑,CIP正面パンツ下ろしかけ.png,0,200,300,100
CIP正面胖次下拉半遮緑色,CIP正面パンツ下ろしかけ.png,0,200,300,100
CIP正面胖次下拉半遮黄色,CIP正面パンツ下ろしかけ.png,300,200,300,100

CIP正面兜襠布白,CIP正面褌.png,0,0,300,100
CIP正面兜襠布黒,CIP正面褌.png,300,0,300,100
CIP正面兜襠布赤,CIP正面褌.png,600,0,300,100
CIP正面兜襠布桃色,CIP正面褌.png,900,0,300,100

CIP正面比基尼白,CIP正面ビキニ.png,0,0,300,100
CIP正面比基尼黒,CIP正面ビキニ.png,300,0,300,100
CIP正面比基尼灰色,CIP正面ビキニ.png,600,0,300,100
CIP正面比基尼真紅,CIP正面ビキニ.png,0,100,300,100
CIP正面比基尼赤,CIP正面ビキニ.png,0,100,300,100
CIP正面比基尼桃色,CIP正面ビキニ.png,300,100,300,100
CIP正面比基尼紫,CIP正面ビキニ.png,600,100,300,100
CIP正面比基尼青,CIP正面ビキニ.png,0,200,300,100
CIP正面比基尼水色,CIP正面ビキニ.png,300,200,300,100
CIP正面比基尼薄緑,CIP正面ビキニ.png,600,200,300,100
CIP正面比基尼緑色,CIP正面ビキニ.png,0,300,300,100
CIP正面比基尼黄色,CIP正面ビキニ.png,300,300,300,100
CIP正面比基尼豹纹,CIP正面ビキニ.png,600,300,300,100

CIP正面紐比基尼白,CIP正面ビキニ紐.png,0,0,300,100
CIP正面紐比基尼黒,CIP正面ビキニ紐.png,300,0,300,100
CIP正面紐比基尼灰色,CIP正面ビキニ紐.png,600,0,300,100
CIP正面紐比基尼真紅,CIP正面ビキニ紐.png,0,100,300,100
CIP正面紐比基尼赤,CIP正面ビキニ紐.png,0,100,300,100
CIP正面紐比基尼桃色,CIP正面ビキニ紐.png,300,100,300,100
CIP正面紐比基尼紫,CIP正面ビキニ紐.png,600,100,300,100
CIP正面紐比基尼青,CIP正面ビキニ紐.png,0,200,300,100
CIP正面紐比基尼水色,CIP正面ビキニ紐.png,300,200,300,100
CIP正面紐比基尼薄緑,CIP正面ビキニ紐.png,600,200,300,100
CIP正面紐比基尼緑色,CIP正面ビキニ紐.png,0,300,300,100
CIP正面紐比基尼黄色,CIP正面ビキニ紐.png,300,300,300,100
CIP正面紐比基尼豹纹,CIP正面ビキニ紐.png,600,300,300,100

CIP正面丁字褲白,CIP正面Ｇストリング.png,0,0,300,100
CIP正面丁字褲黒,CIP正面Ｇストリング.png,300,0,300,100
CIP正面丁字褲灰色,CIP正面Ｇストリング.png,600,0,300,100
CIP正面丁字褲真紅,CIP正面Ｇストリング.png,0,100,300,100
CIP正面丁字褲赤,CIP正面Ｇストリング.png,0,100,300,100
CIP正面丁字褲桃色,CIP正面Ｇストリング.png,300,100,300,100
CIP正面丁字褲紫,CIP正面Ｇストリング.png,600,100,300,100
CIP正面丁字褲青,CIP正面Ｇストリング.png,0,200,300,100
CIP正面丁字褲水色,CIP正面Ｇストリング.png,300,200,300,100
CIP正面丁字褲薄緑,CIP正面Ｇストリング.png,600,200,300,100
CIP正面丁字褲緑色,CIP正面Ｇストリング.png,0,300,300,100
CIP正面丁字褲黄色,CIP正面Ｇストリング.png,300,300,300,100
CIP正面丁字褲水玉白,CIP正面Ｇストリング.png,600,300,300,100
CIP正面丁字褲水玉黒,CIP正面Ｇストリング.png,0,400,300,100
CIP正面丁字褲水玉粉紅,CIP正面Ｇストリング.png,300,400,300,100
CIP正面丁字褲水玉水色,CIP正面Ｇストリング.png,600,400,300,100
CIP正面丁字褲水玉白黒,CIP正面Ｇストリング.png,0,500,300,100
CIP正面丁字褲水玉黄色,CIP正面Ｇストリング.png,300,500,300,100
CIP正面丁字褲奶牛,CIP正面Ｇストリング.png,600,500,300,100
CIP正面丁字褲虎紋,CIP正面Ｇストリング.png,0,600,300,100
CIP正面丁字褲豹纹,CIP正面Ｇストリング.png,300,600,300,100

CIP正面紐丁字褲白,CIP正面Ｇストリング紐.png,0,0,300,100
CIP正面紐丁字褲黒,CIP正面Ｇストリング紐.png,300,0,300,100
CIP正面紐丁字褲灰色,CIP正面Ｇストリング紐.png,600,0,300,100
CIP正面紐丁字褲真紅,CIP正面Ｇストリング紐.png,0,100,300,100
CIP正面紐丁字褲赤,CIP正面Ｇストリング紐.png,0,100,300,100
CIP正面紐丁字褲桃色,CIP正面Ｇストリング紐.png,300,100,300,100
CIP正面紐丁字褲紫,CIP正面Ｇストリング紐.png,600,100,300,100
CIP正面紐丁字褲青,CIP正面Ｇストリング紐.png,0,200,300,100
CIP正面紐丁字褲水色,CIP正面Ｇストリング紐.png,300,200,300,100
CIP正面紐丁字褲薄緑,CIP正面Ｇストリング紐.png,600,200,300,100
CIP正面紐丁字褲緑色,CIP正面Ｇストリング紐.png,0,300,300,100
CIP正面紐丁字褲黄色,CIP正面Ｇストリング紐.png,300,300,300,100
CIP正面紐丁字褲水玉白,CIP正面Ｇストリング紐.png,600,300,300,100
CIP正面紐丁字褲水玉黒,CIP正面Ｇストリング紐.png,0,400,300,100
CIP正面紐丁字褲水玉粉紅,CIP正面Ｇストリング紐.png,300,400,300,100
CIP正面紐丁字褲水玉水色,CIP正面Ｇストリング紐.png,600,400,300,100
CIP正面紐丁字褲水玉白黒,CIP正面Ｇストリング紐.png,0,500,300,100
CIP正面紐丁字褲水玉黄色,CIP正面Ｇストリング紐.png,300,500,300,100
CIP正面紐丁字褲奶牛,CIP正面Ｇストリング紐.png,600,500,300,100
CIP正面紐丁字褲虎紋,CIP正面Ｇストリング紐.png,0,600,300,100
CIP正面紐丁字褲豹纹,CIP正面Ｇストリング紐.png,300,600,300,100

CIP正面繩系胖次の紐白,CIP正面紐パンの紐.png,0,0,300,100
CIP正面繩系胖次の紐黒,CIP正面紐パンの紐.png,300,0,300,100
CIP正面繩系胖次の紐灰色,CIP正面紐パンの紐.png,600,0,300,100
CIP正面繩系胖次の紐真紅,CIP正面紐パンの紐.png,0,100,300,100
CIP正面繩系胖次の紐赤,CIP正面紐パンの紐.png,0,100,300,100
CIP正面繩系胖次の紐桃色,CIP正面紐パンの紐.png,300,100,300,100
CIP正面繩系胖次の紐紫,CIP正面紐パンの紐.png,600,100,300,100
CIP正面繩系胖次の紐青,CIP正面紐パンの紐.png,0,200,300,100
CIP正面繩系胖次の紐水色,CIP正面紐パンの紐.png,300,200,300,100
CIP正面繩系胖次の紐薄緑,CIP正面紐パンの紐.png,600,200,300,100
CIP正面繩系胖次の紐緑色,CIP正面紐パンの紐.png,0,300,300,100
CIP正面繩系胖次の紐黄色,CIP正面紐パンの紐.png,300,300,300,100
CIP正面繩系胖次の紐水玉白,CIP正面紐パンの紐.png,600,300,300,100
CIP正面繩系胖次の紐水玉黒,CIP正面紐パンの紐.png,0,400,300,100
CIP正面繩系胖次の紐水玉粉紅,CIP正面紐パンの紐.png,300,400,300,100
CIP正面繩系胖次の紐水玉水色,CIP正面紐パンの紐.png,600,400,300,100
CIP正面繩系胖次の紐水玉白黒,CIP正面紐パンの紐.png,0,500,300,100
CIP正面繩系胖次の紐水玉黄色,CIP正面紐パンの紐.png,300,500,300,100
CIP正面繩系胖次の紐奶牛,CIP正面紐パンの紐.png,600,500,300,100
CIP正面繩系胖次の紐虎紋,CIP正面紐パンの紐.png,0,600,300,100
CIP正面繩系胖次の紐豹纹,CIP正面紐パンの紐.png,300,600,300,100

CIP正面開放型開洞胖次白,CIP正面オープンクロッチ.png,0,0,300,100
CIP正面開放型開洞胖次黒,CIP正面オープンクロッチ.png,300,0,300,100
CIP正面開放型開洞胖次赤,CIP正面オープンクロッチ.png,600,0,300,100
CIP正面開放型開洞胖次紫,CIP正面オープンクロッチ.png,0,100,300,100

CIP正面襯褲白,CIP正面ドロワーズ.png,0,0,300,100
CIP正面襯褲黒,CIP正面ドロワーズ.png,300,0,300,100

CIP正面高開衩布鲁马紺色,CIP正面ハイレグブルマ.png,0,0,300,100
CIP正面高開衩布鲁马水色,CIP正面ハイレグブルマ.png,300,0,300,100
CIP正面高開衩布鲁马赤,CIP正面ハイレグブルマ.png,600,0,300,100
CIP正面高開衩布鲁马緑色,CIP正面ハイレグブルマ.png,900,0,300,100

CIP正面叶子胖次緑色,CIP正面葉っぱパンツ.png,0,0,300,100

CIP正面創口貼,CIP正面前張り.png,300,0,300,100

CIP正面前貼白,CIP正面前張り.png,0,0,300,100
CIP正面前貼黒,CIP正面前張り.png,600,0,300,100
CIP正面前貼青,CIP正面前張り.png,900,0,300,100
CIP正面前貼桃色,CIP正面前張り.png,1200,0,300,100

CIP正面Ｃ胖次黒,CIP正面前張り.png,600,0,300,100
CIP正面Ｃ胖次青,CIP正面前張り.png,900,0,300,100
CIP正面Ｃ胖次桃色,CIP正面前張り.png,1200,0,300,100

;胖次の蝴蝶結など
CIP正面三角胖次蝴蝶結三角黄,CIP正面リボン三角.png,0,0,300,100
CIP正面三角胖次蝴蝶結三角黒,CIP正面リボン三角.png,300,0,300,100
CIP正面三角胖次蝴蝶結三角青,CIP正面リボン三角.png,600,0,300,100
CIP正面三角胖次蝴蝶結三角赤,CIP正面リボン三角.png,900,0,300,100
CIP正面三角胖次蝴蝶結三角白,CIP正面リボン三角.png,1200,0,300,100

CIP正面三角胖次蝴蝶結紐黄,CIP正面リボン紐.png,0,0,300,100
CIP正面三角胖次蝴蝶結紐黒,CIP正面リボン紐.png,300,0,300,100
CIP正面三角胖次蝴蝶結紐青,CIP正面リボン紐.png,600,0,300,100
CIP正面三角胖次蝴蝶結紐赤,CIP正面リボン紐.png,900,0,300,100
CIP正面三角胖次蝴蝶結紐白,CIP正面リボン紐.png,1200,0,300,100
