CIP正面连褲襪黒,CIP正面パンスト.png,0,0,300,100
CIP正面连褲襪赤,CIP正面パンスト.png,300,0,300,100
CIP正面连褲襪白,CIP正面パンスト.png,600,0,300,100
CIP正面開放型连褲襪黒,CIP正面パンスト.png,0,100,300,100
CIP正面開放型连褲襪赤,CIP正面パンスト.png,300,100,300,100
CIP正面開放型连褲襪白,CIP正面パンスト.png,600,100,300,100

CIP正面裤襪黒,CIP正面タイツ.png,0,0,300,100
CIP正面裤襪赤,CIP正面タイツ.png,300,0,300,100
CIP正面開放型裤襪黒,CIP正面タイツ.png,0,100,300,100
CIP正面開放型裤襪赤,CIP正面タイツ.png,300,100,300,100

CIP正面网纹裤襪黒,CIP正面網タイツ.png,0,0,300,100
CIP正面開放型网纹裤襪黒,CIP正面網タイツ.png,300,0,300,100


CIP正面吊帯内衣純白,CIP正面ガーターベルト.png,0,0,300,100
CIP正面吊帯内衣白,CIP正面ガーターベルト.png,0,0,300,100
CIP正面吊帯内衣黒,CIP正面ガーターベルト.png,300,0,300,100
CIP正面吊帯内衣赤,CIP正面ガーターベルト.png,600,0,300,100
CIP正面吊帯内衣真紅,CIP正面ガーターベルト.png,600,0,300,100
CIP正面吊帯内衣桃色,CIP正面ガーターベルト.png,0,100,300,100
CIP正面吊帯内衣青,CIP正面ガーターベルト.png,300,100,300,100
CIP正面吊帯内衣紺色,CIP正面ガーターベルト.png,300,100,300,100
CIP正面吊帯内衣薄緑,CIP正面ガーターベルト.png,600,100,300,100

